{"sane": true, "normalizes": true, "range": true, "log_prob": -883.915283203125, "avg_log_prob": -1.76783056640625, "perplexity": 5.858130740307074}