{"sane": true, "normalizes": true, "range": true, "log_prob": -864.65087890625, "avg_log_prob": -1.7293017578125, "perplexity": 5.636716740612665}